K-means Cluster,ancestry_Admixture % EUR,ancestry_Admixture % AFR,ancestry_Admixture % EAS,ancestry_Admixture % AMR,ancestry_Admixture % SAS
0,-0.007817818828544362,-0.02434243386321664,0.06153018456112869,-0.08392579999028343,0.021313595045474698
1,0.0002563544126537107,-0.0029627706354709744,0.019884453823991594,-0.04750176606338718,-0.048173481794880256
2,-0.019177511035919404,-0.005006184802855094,0.041168078413145494,0.10013443914880217,-0.021390509186583816
3,0.026793276285201853,0.04385937865908291,-0.15034303376285663,0.1046860744055023,0.04925265273055797
